,std,q90,q95,q99,abs_std,ave_roll_std_100,std_roll_std_100,min_roll_std_100,q01_roll_std_100,q05_roll_std_100,q10_roll_std_100,q90_roll_std_100,q95_roll_std_100,q99_roll_std_100,std_roll_abs_mean_100,ave_roll_std_1000,std_roll_std_1000,min_roll_std_1000,q01_roll_std_1000,q05_roll_std_1000,q10_roll_std_1000,q90_roll_std_1000,q95_roll_std_1000,q99_roll_std_1000,std_roll_abs_mean_1000,ave_roll_std_10000,std_roll_std_10000,min_roll_std_10000,q01_roll_std_10000,q05_roll_std_10000,q10_roll_std_10000,q90_roll_std_10000,q95_roll_std_10000,q99_roll_std_10000,std_roll_abs_mean_10000
0,7.509795735886297,10.0,12.0,23.0,6.584873274534429,4.780304612674234,5.812306276681175,1.8893374393141384,2.331167826292534,2.510100806862187,2.6184080289487115,7.627992044192248,11.768520757005835,27.842215966028657,4.369231682611525,5.198087733468274,5.4176637916357056,2.4803481866722827,2.632737416892453,2.725088091255722,2.798541018429298,8.999609323073633,12.842285633807663,26.31210941946889,3.2569395211996808,6.2673786679871375,4.107347902853295,2.8298993945096287,2.995102846999206,3.2516019946410473,3.494450146758216,10.171811371365788,12.51699784427125,18.123260089057197,1.3461329293689626
1,26.993030186803715,8.0,10.0,17.0,26.747266167495276,4.423802585124349,26.609761348023394,1.7518821045934987,2.2137312528653306,2.3591643785376752,2.441621418406089,4.690620341908192,7.330743344287066,24.050811112118833,21.82943358199963,4.6809259034772195,26.59687505766936,2.3832044949101503,2.5232484585711554,2.576182391953907,2.60788651458817,5.4095676743451,8.524629335413591,25.395827059438744,20.1005716881357,5.671391512184704,26.4250483593171,2.5923913976117148,2.639371983548713,2.6731364583476345,2.7147671327672382,7.066153307299252,9.115643918862787,19.499784970878196,12.049529807229709
2,3.8854073748319404,8.0,10.0,13.0,3.4479520097652796,3.1452286059474406,2.2773783927857965,1.7424874823827352,2.1986221580659215,2.3420615972361456,2.422016023101231,3.5536153165727726,4.787726311342508,11.998737307304266,1.6033155977811442,3.2720435167897843,2.0808516057950395,2.3770623520272816,2.513331620744918,2.5667994583646556,2.5971101210733076,3.965712783079415,5.608002201202187,13.409074325779406,1.0801399509652452,3.5910453358992793,1.4744966976614158,2.5925014361364527,2.6406622861945412,2.668704322002506,2.6978179279106884,5.182895737984942,6.489577063341204,10.332582251092699,0.4477474183199359
3,4.838405314742394,9.0,10.0,15.0,4.266331638763556,3.5351389231736934,3.3094523120544785,1.7137294672331504,2.2400171355768186,2.390976302009199,2.476128454104124,4.42791877143953,6.503107260410307,16.842706661245657,2.359072924833696,3.737822856323905,3.0649955640591187,2.4260638461896282,2.545417480522151,2.608712590796879,2.6467936293785495,5.103669899831178,7.5989512473803345,17.818992437606973,1.643263201923185,4.272957942623367,2.257869481805243,2.6494810746631225,2.6987692464429758,2.7673124582935364,2.830111966580243,6.650525241558129,8.912147542954385,14.409916882496644,0.650003133065577
4,5.064739573950841,9.0,10.0,17.0,4.367399798103671,3.795037973239023,3.360048713823368,1.7803359120091178,2.2669117514524517,2.42262066966546,2.5142824347335124,5.330406393815409,7.86037241773184,18.364642686697856,2.3854939244193063,4.041690366713125,3.042136450705037,2.40254265544048,2.5725802551455033,2.64498524512841,2.687574009037475,6.155468283549965,8.805062471392437,17.236260606050262,1.620971231160571,4.633075426513453,2.041391195023032,2.6627416358523726,2.7758833391969886,2.900394109185419,3.020854565553803,6.918254795462643,8.886472342784097,12.192116015249075,0.6239597852869043
5,5.195162430224819,9.0,11.0,18.0,4.433827049691318,3.937572832387778,3.393915078890948,1.8686947856784015,2.2846877204118883,2.446415642312573,2.540400827357998,5.728495139708105,8.433195591161507,18.69621849087625,2.4117272897225197,4.196348061475065,3.0499416062512603,2.4081942196177484,2.58772028942214,2.6616589617062085,2.7118497615322417,6.476995481738915,9.196519992909208,17.617586507644802,1.6589938388233925,4.796030478124386,1.9825074774176794,2.6984260505562534,2.827774945273135,2.994643556253196,3.1382786092480615,7.030147273498314,8.840203047385163,11.594320992103619,0.6653554869754609
6,6.041426106115793,9.0,11.0,20.0,5.188035080214807,4.288015369915722,4.269755563613027,1.797866299898959,2.3086136466903393,2.4793897913331424,2.5798559195547415,6.504357513750135,9.875057856882037,22.424022111939884,3.1253996506684243,4.624347237219696,3.8814193654939566,2.4343422154701977,2.6082981461517076,2.692772925076903,2.7517216378064004,7.607289060292488,10.752205770395372,21.96370468120812,2.1723217894460314,5.424926798955296,2.651133357872884,2.7260977460276092,2.8604710345419795,3.1112290762073473,3.2714657263679623,8.749880138050065,10.436750149609285,14.96211817384249,0.8732541325304302
7,13.615076142966755,10.0,12.0,24.0,13.000357605263398,5.161101769370829,12.618049507454717,1.8160618954446075,2.3402279093617233,2.520121048892547,2.6299556396742325,8.022260695510369,12.42820188202082,30.16563534148779,10.071848673019009,5.5960329203263175,12.416457156591337,2.4431522656173086,2.6478759878904725,2.738631794181989,2.8103020830247587,9.302447340736334,13.992933866714546,27.409610043245394,9.005707981788877,6.879619083526563,11.763375847359768,2.797832070805771,2.9918586717673095,3.2128935102909773,3.378587023450383,10.304139203178044,12.478204902940554,20.984241098437842,4.808533741815852
8,5.851687515596327,9.0,11.0,20.0,5.034772286614454,4.2002707182762835,4.088088880993231,1.8304660774246733,2.2983525061262298,2.464618314128403,2.5632208274156776,6.3600632104090336,9.515834756399368,22.0725960174487,2.9226601165447863,4.515225506437159,3.717073637298224,2.4442893753725903,2.5985720264383447,2.6800249128595284,2.736120859422602,7.311036537678437,10.567274165237345,21.218945960336427,2.055460391692117,5.275360535050853,2.5218821498994934,2.6910471128272446,2.9063155208942635,3.075109264676372,3.21578290871298,8.235608798093113,10.450244182331186,15.209015951290922,0.8027747232700572
9,6.603809094817856,10.0,12.0,21.0,5.708901314054022,4.514394290897829,4.8386988507479485,1.7487369178986583,2.31813230288758,2.4907708433118394,2.5954700241801816,6.994160623564772,10.71370311066105,25.294777278634403,3.529008822182521,4.889533638895015,4.433328668570098,2.478491056659627,2.6274138051132803,2.7117923625923472,2.773462112978437,8.134962114763177,12.07721222199297,24.45139566057067,2.550774644987569,5.803545576033928,3.149926569520771,2.772596227181272,2.9661712117072847,3.200455936552865,3.37701880592866,9.156333182761307,11.794336556054168,18.049785311326357,1.0641126828078904
10,6.587986533205343,10.0,12.0,22.0,5.650036322032534,4.60776702066829,4.726433296999817,1.8350955717829653,2.3384359790907365,2.5189985183360846,2.627284960302472,7.336989446730806,10.982718288753121,24.42029914028537,3.43723505560593,4.9987662982048775,4.2856089025960475,2.48385678825186,2.6474107697471263,2.7435608478992846,2.8136786930611515,8.493180152869993,11.961298912395417,23.36969282088534,2.3911309778498504,5.892280193169216,2.926995214674616,2.7490875046478704,3.0102396024643205,3.3198662474849465,3.529777081151306,9.396915687737394,11.461234257228435,19.272742167347808,0.9612194547580525
11,9.382802174806189,10.0,13.0,26.0,8.457022465974651,5.230588399414956,7.818224192257106,1.8282574360773611,2.3642112742958368,2.5521628775577194,2.66914657416024,8.553214293323771,13.229424657470133,32.11223373662376,6.052467574960925,5.728294490602248,7.433192751068125,2.462935250887398,2.667037324092387,2.7746527165970405,2.8588718313639028,9.835877972784173,14.489016895932991,30.863448664451543,4.833337604419922,7.057486154438228,6.194639143759371,2.839027475684263,3.152501112817344,3.443914023951784,3.6617821856129176,11.379250974262952,14.775062571691537,23.966711457265017,2.172613592637403
12,28.19739683435752,9.0,11.0,20.0,27.89230085015305,4.95101441577548,27.785744906475532,1.7830571871457916,2.2333333340809474,2.382829996289407,2.4696951112901613,5.905475973025939,9.42776364111332,29.087989121132264,22.23595682114636,5.264818009364492,27.713492808500277,2.3582717069226153,2.5291713476819795,2.5868931199884817,2.6216195160844156,6.866558717935536,10.406641013178268,30.108622571501915,21.065004014893404,6.378517381815665,27.50232264763156,2.6061060391682616,2.6463971603508596,2.6864848331224342,2.726828067123252,7.769436757239977,9.819014334074998,32.989344594818434,13.364854125428632
13,3.74663669666535,8.0,9.0,12.0,3.336343919228568,3.074616762313092,2.1350296685872707,1.7014254273516545,2.1917199555682396,2.333679627980931,2.411588185355864,3.3796031086084612,4.410398639762285,11.387765896838914,1.4989841615600026,3.191025019244214,1.9409557260399404,2.394385951362035,2.514234948722022,2.563757369926121,2.592895506398237,3.675691732138116,5.285612234802691,12.368725940103046,0.9923163812830333,3.4840594022530227,1.3509057420220099,2.5881397946707345,2.6314064813338693,2.6616359970170738,2.686832539796563,4.989353597905467,6.363608755387,8.221092292137763,0.4026481245965072
14,4.1769417282790755,9.0,10.0,14.0,3.6562068155342393,3.34229767282766,2.5055870454619593,1.664210311105094,2.223360819420105,2.369758969970153,2.451365317367388,4.093601807402927,5.853592525496124,14.247718229508656,1.7304936937729887,3.506742601188283,2.256865870909468,2.400450408186463,2.5381107158685516,2.592963451238745,2.626206572408392,4.68084835701217,6.888165345128006,14.908623378805013,1.1511845653292543,3.8947444464628314,1.4982371088565571,2.6176445893817317,2.6771429303319927,2.7436970946833226,2.794321932688705,6.001392370195187,7.334402551406506,9.698750196058043,0.45357894624124173
15,4.748679262967172,9.0,10.0,16.0,4.142139557576428,3.6221167318821754,3.0770659727715834,1.8182853505867533,2.254871270044456,2.408402798622004,2.497089214557905,4.808777748488796,7.029885698167449,16.352789895725913,2.1536080058957454,3.8301351412412417,2.79854316571099,2.449280297143095,2.569583966669733,2.6310565289384384,2.6712423206340796,5.583392720764555,7.887084766002866,16.652473205619437,1.4700768665706987,4.337920723286308,1.9285291334964063,2.6692131255994402,2.755561870494597,2.8394992561370365,2.909004747480187,6.6135545889053295,8.637274107054886,12.209073526997829,0.5572967715237274
16,5.146805002404254,9.0,11.0,17.0,4.438442226494554,3.866899112683113,3.4068550322755535,1.7825189304366662,2.280240107855771,2.4431102878874618,2.5366007636851604,5.426934324422759,7.928340674981453,19.081420441376626,2.4215862598549363,4.118946406978884,3.0790172247216496,2.4554388976673813,2.5968911882946433,2.665788894572883,2.7100517302041625,6.166005158902912,8.826984743368476,18.944999974241817,1.653994348407639,4.711013505549026,2.066883989295055,2.7037468788179297,2.8073081587011863,2.933699672661688,3.049470296118476,7.433900072440085,9.30504486265301,11.783256973540333,0.6417707250141063
17,5.70578498278983,9.0,11.0,19.0,4.928547771204863,4.118434937236998,3.9599800448900706,1.8367736315990542,2.297033660259853,2.4622195784463994,2.55957303889056,6.078975192739724,9.080693249911723,21.132300902034068,2.820514746716163,4.41345202764946,3.6099772367095273,2.4746642121589475,2.6035071056649426,2.684561578893615,2.736368343570251,7.057175265127235,10.002873661176848,20.745389130362728,1.9873061957393725,5.140930289458834,2.4705381476579014,2.7465393403003295,2.887094151783567,3.0346546200295137,3.1815158657949105,8.091934468983855,9.988558453049409,14.890546036868935,0.7770278712403946
18,8.352020253986918,10.0,12.0,23.0,7.539958326202538,4.764225667414761,6.879275660716087,1.7943514064121284,2.334545139871229,2.5105836578194336,2.61840802892708,7.429099215349764,11.557545963000692,27.497775851286075,5.256623833485695,5.184941898354455,6.546199589960669,2.4749861730035896,2.641605208597365,2.7344032184298817,2.8034083002838432,8.775584418253159,13.182312899236548,26.470562643941946,4.123408847358996,6.2976048135557585,5.490258451070564,2.7763935953211365,2.963701378781299,3.2321529096357144,3.430494545876338,10.152172891132333,12.810506145222044,18.305886444197476,1.8664178841257513
19,13.39144651311153,10.0,13.0,26.0,12.712134952926256,5.319905690727752,12.317232447828498,1.902125339741989,2.346262878480029,2.5294028520277667,2.639463520636437,8.330660177314787,13.03405020116284,32.11967992343385,9.708039983648854,5.7926841070436,12.079308050156818,2.4511924331545893,2.6427417740104038,2.74325289327211,2.819877250470305,9.678287723211445,14.727063060447662,30.359275116274922,8.821049096505718,7.076163378827247,11.380176596092651,2.738703563681334,3.055189889110761,3.282502265363037,3.5160782173615055,10.872488479670768,14.020068792371209,21.245341979257077,5.244101210648311
20,6.219808932653351,10.0,12.0,21.0,5.362114743730868,4.368947785128409,4.439307589733789,1.8002244529027842,2.3101882384285974,2.478411840785444,2.5795426734311397,6.833215076583593,10.341170048878464,23.378665920065814,3.18048426795051,4.7109372711141635,4.052650606902058,2.4494437684475887,2.6104433367593436,2.6910298477819268,2.7501480531645663,7.939937443495645,11.439850575124714,21.992399610789587,2.2917474166151477,5.516610655171796,2.86339900060233,2.7387898800376074,2.8967758164915227,3.07338850158627,3.2782657934733606,8.513191084560413,11.357806440361164,14.955272633019698,0.9742163013474124
21,6.491150340460615,10.0,12.0,21.0,5.625786998781988,4.458604496189194,4.734080830577913,1.8207280151198653,2.3145564839034787,2.489087293678461,2.5925105807108775,6.837943751411813,10.340051579497013,25.18483390030296,3.414285923615273,4.8194367723866725,4.343994673176922,2.445202448675666,2.626951822146148,2.7066077894158322,2.7641185487153774,7.916682250656261,11.479339974329937,24.54817730522991,2.4749857845256362,5.746636553443454,3.018439026259251,2.741040490451875,2.9494851391828,3.128875744791041,3.355012846640621,9.361320816676654,11.457612142047925,18.079612921751004,0.9884173880995871
22,7.205360222370738,10.0,13.0,24.0,6.255192703653654,4.786899388521781,5.407630634731964,1.8333333333417943,2.3388678950167114,2.518035951002291,2.6262851591921073,7.640211272134685,11.635004655492578,28.68854697039809,3.9250837746215184,5.220763368219563,4.963565774295451,2.4561589355568443,2.6441837507440358,2.7390095241110695,2.8115477589399305,8.82299383544031,13.499754789601743,27.28991820500067,2.77437057945036,6.320639940071442,3.464270757876596,2.7644116620334094,3.047658434305259,3.2696056860326452,3.4756559119684205,10.435045152117649,13.433126653135101,19.524163707745526,1.1166780278768886
23,7.539087032162711,10.0,13.0,24.0,6.536180475395221,4.971882838311087,5.690732565188652,1.8686947856769553,2.3548788812724846,2.5404008273563785,2.654727058959147,8.099781765357287,12.428770793378318,28.642927097754182,4.189440375762086,5.440671580346066,5.216756571107959,2.4798509351694924,2.659560915688868,2.7580873891225854,2.837946077346763,9.452095911337413,13.991073623605162,26.99226708675064,2.9693220523403294,6.5895085778099505,3.6597976573208406,2.795367116808304,3.0446025537774655,3.3399423170873037,3.620299027221603,10.362772684265876,12.374440198935057,22.30476189068822,1.226865074155688
24,7.666320590987424,10.0,13.0,26.0,6.541110616919558,5.227188802635787,5.63271651544829,1.9291490770788067,2.3825120432783713,2.570933093192874,2.6920008705155523,8.903631083137139,13.634400195346513,30.95590053249592,4.120284796124136,5.723658474512391,5.098619578663735,2.4833894626543005,2.6734590670858585,2.799513578510559,2.900092159662779,10.280032590904964,15.049813849244131,28.203769315529527,2.947989979047578,6.882235284987931,3.3784315972784156,2.866628681220809,3.1469019462293697,3.5870495455793225,3.8739347344821673,11.336626830798613,13.341504537507078,18.125939847619776,1.1913107280116493
25,24.553095768539,11.0,14.0,33.0,23.926054203932036,6.600288495410925,23.647295533028938,1.8164233920811896,2.3896029000850647,2.5807954297831253,2.7047283700014226,10.179693591364726,16.7703321494787,44.87247474674077,19.01475467377462,7.26218132986969,23.464334612140743,2.5053438382657665,2.678949004344464,2.8034270461886477,2.903409855479956,11.744604494524758,18.782776490521183,43.32680236069827,17.220810305143374,9.457494432647177,22.69115364100294,2.7817225523129525,3.0008668796844207,3.4633679044671766,3.7910409110278493,14.05484913182594,18.685737354144305,68.69795073066874,9.917303895261101
26,3.801889844156453,8.0,10.0,13.0,3.400849040651431,3.092368897775502,2.1996973404272375,1.7371461561069361,2.1946675503518485,2.3359076707922313,2.4148321145407725,3.4437910752100627,4.5402242635843715,11.520429811005556,1.5757534114274285,3.210588008799796,2.0126395393496326,2.3974953564051695,2.512047249034562,2.561827855645376,2.59088550261986,3.7903622314824483,5.368210939287774,12.111548233013002,1.0625622109795934,3.4924531483272045,1.4777050182509948,2.5824983484550823,2.6328042000492116,2.661959990890071,2.6799859220627216,4.965704318819078,5.9382434931197805,10.884013514095688,0.4754366855297502
27,3.794736501296492,8.0,10.0,13.0,3.3700436197536736,3.128208843082408,2.1423828689696585,1.6965800418437433,2.204311661038257,2.347231337021074,2.427514836788202,3.576734586606465,4.778096066447483,11.31127979076828,1.5014424260337944,3.2417940539690315,1.9567536096259535,2.378995296047824,2.519592893375005,2.573314194952414,2.6036470532649867,3.9779673483102758,5.462639602923722,11.969544101008344,1.0417997366021714,3.5147104018634465,1.4200936509145823,2.601753514869319,2.6528833029332013,2.6888223605453505,2.7119544667458975,4.818496796837887,6.158845321776579,8.11037460155928,0.4476473412070647
28,4.909307776757934,9.0,10.0,16.0,4.2965142159282355,3.609676268218479,3.3321838556740184,1.6918998943603354,2.243081394293153,2.3930876889223636,2.479715689146955,4.635218713853809,6.865224914839098,18.43846166812409,2.3851528623306804,3.8272052595401775,3.065176106103154,2.4200478573007675,2.556816831982157,2.6154472972243794,2.6528402819536163,5.3712153144282,8.066049662452494,19.11549178090948,1.6652392269558196,4.400983345772633,2.1727869339826484,2.6238252144288716,2.7231141593904877,2.800698323831231,2.862781079920794,7.287374639945161,8.927936307717916,12.75244105202125,0.6900536572352216
29,5.411002447515985,9.0,11.0,18.0,4.692889558020197,3.9321027656497294,3.728040261380311,1.8422647458878034,2.2752733213558813,2.4348272707482232,2.5278049726580303,5.592419111185929,8.462698903261897,20.448012424713127,2.6364239868779,4.201894214719943,3.4024848840760553,2.426708246351655,2.584761496152856,2.6543982048347927,2.700375534629599,6.468764635996137,9.390914133792817,19.87411020036505,1.8555455858713854,4.876355265966129,2.3461162609774124,2.708033392424146,2.8130531610347385,2.917272666032339,3.0347701219318646,7.798140817529498,9.340466644751428,14.648119358473057,0.7343679847076648
30,6.157636529517509,10.0,12.0,21.0,5.324008145440797,4.298606701472406,4.423160557929253,1.830466077422931,2.3008781810515364,2.467976720088739,2.5682600327757688,6.530859148084307,10.106503556690877,23.4156470175931,3.180384651338156,4.64016641841704,4.042409534030444,2.4557160954698705,2.6083793134149253,2.686451380729877,2.7421959519046206,7.807415111977394,11.305873773476694,21.875761677001144,2.2849103306592187,5.457200989248721,2.8392520275390374,2.7133160446942477,2.8820921143321154,3.0720714123014554,3.2237020357791537,8.359495903293277,10.2159820937105,16.890651723707112,0.9293696448664092
31,6.682380962623271,10.0,12.0,22.0,5.797997030333142,4.531774154908672,4.9290130715151035,1.7861419401328211,2.3228335186911515,2.4980598532256293,2.6029315252712624,7.11876166736515,10.803572173923143,24.85866310389804,3.5991112557232348,4.904433649539022,4.5351633520793415,2.4758282908465454,2.630686509553341,2.713150416984135,2.78100215263612,8.244778187883243,11.9059038525672,22.939614140105473,2.611207771291896,5.804143770717316,3.3075055018150477,2.8200878159246314,2.9712911027166022,3.1565095208529783,3.3491778183914382,9.318920711559489,10.896620188992713,15.341447714991169,1.0687016641859537
32,10.227140600678162,10.0,13.0,25.0,9.376804979676058,5.2324579336916335,8.819206416541116,1.7796833221714874,2.358971698574523,2.5389093339442246,2.6529000712213917,8.309663353616406,12.94773877531713,32.084955094783496,6.853353692042728,5.731913796333592,8.472288710143937,2.490389133858769,2.6498642947738906,2.751278527060908,2.8346912485158033,9.631545601339319,14.338141487000176,33.23216441569339,5.488491689348587,7.187225294219391,7.2813620896961035,2.8349309397882916,3.0477644670847144,3.311047922310729,3.521789951210747,11.697660209009118,15.68189911796548,37.70454395989385,2.511573825218806
33,8.153312373689566,10.0,13.0,26.0,7.100585320199734,5.197480646374749,6.308522765242173,1.9480889366580376,2.364104460265055,2.5516087221127375,2.668541007964991,8.71674923189907,13.519380028822871,30.945445643271196,4.730013500521812,5.686174306055164,5.843359418640522,2.499111153303157,2.662593736457125,2.774316642496864,2.8693792599363466,10.156379672307201,14.878595484910983,29.4995937265251,3.5133541353545534,6.956118280000579,4.263384725714909,2.848210784065439,3.1870027829745995,3.457516008886853,3.6950856560854684,11.710921815082902,13.2333892200388,20.468492485488106,1.4576041107663884
34,25.48185298107967,9.0,11.0,24.0,25.121564773511768,5.1442566018434075,24.963074180736434,1.7285189559834107,2.254759277030854,2.4141836781192816,2.5070405917473657,6.818453866876987,11.121387167465596,33.4318710215779,19.853876825217643,5.548022956825445,24.881356299932584,2.3998923904541187,2.54114785770329,2.6067593284521418,2.647435157451744,7.9147385987845045,12.391914078726204,34.27469226020579,18.07953500952793,6.947667508904928,24.54841296989123,2.614394481334634,2.661304051044628,2.7306808345106166,2.783100681456264,9.821707639319985,12.692846739240096,35.65957170597531,10.583193514481298
35,3.622392025979857,9.0,10.0,13.0,3.252555468703408,3.038100842727467,1.9535134185673564,1.7238376262316881,2.186367311363574,2.3270695144859186,2.405276186915178,3.339630415647803,4.339750493222022,10.553811126456562,1.3735725220214496,3.1413775919555427,1.774312755725467,2.3745429990745825,2.5087921472367167,2.5595169714463823,2.5865748335140024,3.665148334284318,4.999800196207932,11.547931837767647,0.9417459957127792,3.3955716750644074,1.2311257882686073,2.5872049248043365,2.6260153761306064,2.653123236167224,2.675308409792827,4.8438598718216985,5.948985728939029,8.933520804777745,0.42323098915259993
36,4.372263745611183,9.0,10.0,15.0,3.8462882816649926,3.397086224021068,2.7557635002787455,1.7562586496418682,2.230436837221466,2.3754638037276385,2.4588738491549154,4.226073469509167,6.05258939494743,14.674928802332527,1.9379212220076618,3.5698466979948353,2.514537110865922,2.4070381868246065,2.5403204971480915,2.598852253019443,2.6329229543009935,4.862652505515076,6.981619727113177,15.012529935192632,1.315960237237001,4.005145409949739,1.7473957823826458,2.649830347415848,2.696248871264576,2.7515989678160686,2.8127984167894513,5.900577232031325,7.770447166985627,11.334030934125792,0.5173813459544823
37,4.781162134082565,9.0,10.0,16.0,4.1544178323144685,3.6396939629966383,3.1072209600626706,1.6353111093129467,2.2499382707578595,2.402776172125592,2.4903855528851153,4.84094489482662,7.244475429071406,17.552472558853037,2.1609838636283087,3.8611690073621774,2.8115534068870187,2.4019711624967153,2.5620466590365023,2.622898319720255,2.662782268493838,5.712180319632776,8.541998638534734,17.596268344727356,1.458987722762482,4.400687523885631,1.8643728491955647,2.6487462648729188,2.7389963873874303,2.8338535358390673,2.89614204829052,6.881885648207741,7.9658263902126585,11.413960760403207,0.5585529478498207
38,5.645148211051326,9.0,11.0,18.0,4.960336407814267,3.9001778634867432,4.0923702224744725,1.7719475104487306,2.2664884065342354,2.4220160231008214,2.5141217315004685,5.412023651093464,8.133202929902804,19.898274124438768,2.961266179099279,4.169108816107159,3.8000224073908053,2.4365401141222627,2.5756882905682077,2.639000440188587,2.6809258407039973,6.301656121199491,9.271225734853406,20.307223895509072,2.1118106709267632,4.894668861521042,2.788788978544486,2.6809532616293112,2.772689302932945,2.87261778580045,2.965462688502008,7.630054962703436,9.695850658503609,17.689779219336913,0.8452208059755029
39,5.785801499259626,9.0,11.0,20.0,4.989733978589134,4.148027956598293,4.0474487860892525,1.8822670620623059,2.289722315657955,2.4568189994294767,2.5559398042252837,6.118121782166077,9.360884659911235,22.531683640526108,2.887837854658422,4.452863576392215,3.6890094274207326,2.458678730761262,2.591954712032533,2.6720096623388767,2.7255797153604324,7.213439173148206,10.6252268891754,21.593598113317746,2.019430427132818,5.204384325173565,2.511128899450153,2.727203770171958,2.8498370404495907,2.9915190587110025,3.1518559309684333,8.438153535193951,10.404910945182458,14.095253467995256,0.801770833910769
40,6.4546963573067835,10.0,12.0,21.0,5.58537237976596,4.46152030662904,4.681761175530122,1.8333608813397964,2.3176747316292197,2.4927369242952833,2.598678762976595,6.992196227282814,10.391386293027491,23.641437683812597,3.3798972911742258,4.816757369890042,4.29366152684388,2.46991082014764,2.619752297856525,2.7082900204480427,2.7726679728571004,7.995430063600419,11.405560302143318,22.60505989226199,2.397850138481697,5.681760227538664,3.062913604669751,2.7886531908173287,2.971348456705562,3.1694042835125322,3.3664030101754427,8.903218689906405,10.92628017762027,19.008549672609725,0.9617651692268662
41,9.83754145253584,10.0,12.0,25.0,9.010375027015215,5.07329726412289,8.447236864047921,1.83952123764561,2.32474610319891,2.507685157350574,2.6172697625571,8.13884562334856,12.925470118246391,31.592858162385024,6.590316404035068,5.549340214967716,8.123529392234278,2.472997314125838,2.6241122241445773,2.718165635934054,2.7877852762889095,9.784049653777638,14.514599291493107,30.410175842877553,5.440901730596057,6.830140169482498,7.079452128229677,2.771437821209124,2.914072458242974,3.1530926404694757,3.384318531293287,11.13256803963827,13.19333279967965,24.357429240910964,2.9033369119748698
42,7.47449281072515,10.0,12.0,23.0,6.518887875697201,4.8180241796213785,5.734868936120873,1.8538521183634629,2.3419753382295694,2.522845115099107,2.6301284678841714,7.779823684740862,11.923171566409984,28.21959166138628,4.302654469167889,5.255248425452898,5.311146339239865,2.4346514180692935,2.6521706221527097,2.7453927189351512,2.8131280969214987,9.032648545123344,13.077814352108943,27.40230067133201,3.2025613989561963,6.36734470157256,3.9136670727371055,2.8673273106833195,3.007763871109282,3.2582007960285213,3.4944441366229295,10.13853704354486,12.739123440668836,22.631579630897463,1.3272755079889913
43,7.497587015724395,10.0,12.0,24.0,6.4954156284087,4.927355806324856,5.672766455268665,1.8591569719827448,2.354857434189348,2.538591035292562,2.652157497952734,7.9331741771659745,12.322480892804482,29.456003829714938,4.234806611570294,5.391826388302717,5.207540066486622,2.4861560634813964,2.660837284594806,2.764383804362088,2.8438013654678294,9.49066023159956,14.14230461345694,27.350415522058523,3.0768906210916693,6.546211900600077,3.63262897574659,2.8753729300653186,3.0618999841844867,3.3785620651641675,3.613134409902858,10.183834349016534,13.088574052091042,19.42887386401916,1.2304211122016462
44,10.552849465766787,10.0,13.0,27.0,9.608419394073353,5.508769880662515,9.02466298675965,1.8164233921133568,2.354342645617328,2.5443738687347475,2.662326012723727,8.951603885406172,14.201931153362732,36.729835394143365,6.950451315875948,6.0547002083501456,8.644388770193043,2.4593593573163246,2.6563426277730118,2.761423810542939,2.845557449279622,10.537680898502769,15.64332780148302,35.98352185160297,5.6033663520981865,7.6796840609185555,7.249074689911152,2.7729220814309485,3.0641812006876474,3.368437958078893,3.6261311121758006,12.495776054408235,17.140110891710744,36.7083128614394,2.71942274625849
45,8.905361610608292,10.0,13.0,26.0,7.886649890471807,5.312639403913182,7.1747105588878295,1.730183618444807,2.3714420451932194,2.5617820501832593,2.6764215518503236,8.609432224736047,13.650633610927034,34.70379713163165,5.4374370401975165,5.857303272771454,6.708164626870378,2.510399590924704,2.6735045589325996,2.7781989470510373,2.8697022826740985,10.161724048390235,15.506668751726888,34.79723584744366,3.9526083757303034,7.358664350485967,5.023988310789034,2.8630887670020897,3.1634045430223545,3.509976031706501,3.7648959619305766,12.911494715159236,16.277791152625223,31.969566763875825,1.5836530101646908
46,28.296567692348763,10.0,13.0,29.0,27.82914792765392,6.085892010243923,27.65316754593019,1.8153108638848539,2.294833898880004,2.4687746924400487,2.5751532267944133,8.482060689208017,13.945329763738252,43.239474108842835,22.274543022864947,6.618140894961301,27.52222524207537,2.4286822564151973,2.5686958175943877,2.647466728794636,2.7060152482288515,9.708255519420257,15.635845473259586,43.63456343463561,20.548800263388568,8.39814389901155,27.058596683684442,2.6216495749578295,2.6821462208579576,2.777282659205596,3.006523758053211,12.020158798108977,17.60830216062079,47.84755634946115,13.194888297535458
47,3.8008511300758667,8.0,9.0,13.0,3.392958814230986,3.098154297882395,2.1980675024534735,1.7719475104535665,2.1990585680823385,2.3383279876402034,2.4173405539025974,3.4701614086414057,4.547571224336394,11.241086255429781,1.544562468938246,3.2163180190054,2.0117876513666277,2.398640756236403,2.5119884725223662,2.565166676860925,2.5954908153515017,3.7945875790254826,5.395654556037627,12.149588820553088,1.02837703208708,3.5036070464492175,1.4663090354675203,2.5873359794869595,2.634208248280658,2.6679718359406115,2.6916896755257183,4.911297628370625,6.2858569375817295,9.190163274942517,0.42103075991110944
48,4.274054405061362,8.0,10.0,14.0,3.747911952594061,3.3543094662167547,2.6467535463518783,1.771377367411144,2.2205650386567055,2.3666666666657177,2.448066645952439,4.109805962634191,5.923510766258328,14.090253813372263,1.8741591097115875,3.5210769830246673,2.408187313392797,2.3865184831619386,2.529678887779909,2.5872065316934636,2.623607118894913,4.763814115278608,6.796393599988864,15.308024255488064,1.2647349094974982,3.921799212796924,1.6813223320990445,2.6254869944822152,2.667801768615348,2.7299090003724777,2.7803506658301114,5.869574361085935,7.375031806671366,11.203927432333296,0.5375719687524316
49,4.641442708708675,9.0,10.0,15.0,4.025091933689024,3.56893096974012,2.973352966214927,1.743675440102908,2.244274421003697,2.394838726358442,2.4800415441318706,4.730088516481081,6.9175811735708885,16.21168053776627,2.094795689861198,3.7747764454611255,2.6930157240946655,2.3994485519272093,2.5506282960680933,2.614155467604975,2.65224610649192,5.461556884588879,7.719675666268983,16.887959562308595,1.4270962606950768,4.273828022532664,1.809161367497282,2.654915284433361,2.7306919100901017,2.8306326427348822,2.904622984737822,6.680861276118344,7.98063754455511,10.578326919226825,0.543701447575362
50,5.483270084031881,9.0,10.0,18.0,4.755451841908165,3.9103654629997235,3.853561393633251,1.828064052984698,2.267379567035003,2.424017034976057,2.516109711599264,5.492841990382156,8.408052897987364,20.35542763843137,2.7749526093233228,4.185904246105634,3.5339371311146075,2.441023267932929,2.58272055117152,2.6481458941442284,2.689077004314234,6.559103432469618,9.59416066776652,20.465693748823135,1.9471764826260298,4.8963469107117525,2.4645114582433485,2.689192617810834,2.7911206845033227,2.903020859899426,3.011386857425497,7.925464781903708,9.749231472861133,15.302159317167336,0.7832633971324178
51,5.869213463562299,9.0,11.0,19.0,5.051771627091823,4.179052529731647,4.134485999528058,1.8211995159047067,2.298418428549624,2.463859992084245,2.561939763832158,6.101589460081589,9.448697200560428,22.831439868405546,2.9878430642085037,4.503270734858037,3.7590913277605478,2.460335800707822,2.606485904193622,2.6840870558377246,2.7390908379626264,7.293459642278481,10.900454068473437,21.329446999612923,2.0883022785983973,5.2891469847861226,2.5432290340959547,2.742813411907757,2.861035671310001,3.030195942302524,3.1814309579643596,8.386750034883134,10.2163520150219,15.368505771771218,0.8298553493181354
52,6.955340505728241,9.0,11.0,21.0,6.083610186493521,4.5413040121237644,5.286807646324421,1.8328925089824635,2.3185462181433656,2.494822922399492,2.599047999760878,6.971652558321915,10.491030319836701,25.883833338260352,3.959967282768833,4.932202382835597,4.901276530033836,2.4657166825796373,2.6267271833418215,2.7168533807146336,2.779905011302863,7.959468835554408,11.825211821977124,25.730127544640602,2.8518747415999433,5.933668534455811,3.6336582254496603,2.7981477289576127,2.9660125965797213,3.2471234009565744,3.4119372754484623,9.26986091708713,12.64940689279464,21.90245077554093,1.1656362556693964
53,8.08625272453712,10.0,12.0,23.0,7.223729293592057,4.798634009233929,6.529788232531328,1.7685238951425617,2.3342855200140398,2.513217584348811,2.6204132606479567,7.602498260308077,11.580356059493974,28.276234801427574,4.999182694000585,5.217908813545159,6.174440995442472,2.478269723183903,2.6369295397166455,2.7308463013412356,2.8006146544077297,8.732126948290256,12.603642640436885,27.752608495027886,3.7879741472197868,6.319042869620641,5.033237053597237,2.8495639651496663,2.9747727101883186,3.234156492320995,3.421907604711146,10.230014394391919,12.239421885645031,23.462107396573817,1.81282940912421
54,26.383809302405414,9.0,11.0,24.0,25.988169501000243,5.413273112305687,25.874849565524144,1.8228626625194357,2.2540423852022484,2.4136606180950086,2.506133889936613,6.890331390451908,11.569181457473443,33.42200327679178,20.827351066567452,5.802951283096852,25.75101644734915,2.4055857585302416,2.5451093454667206,2.610056780071435,2.652588778161387,8.183726130080968,12.95625036120504,32.63407025702336,19.32990614297562,7.302472491171853,25.38666422612636,2.600644121068109,2.648876300250157,2.7202305425977635,2.781702273108148,9.115976806836171,12.09171670819674,40.48277654952999,11.2490482280433
55,4.330100307495774,9.0,10.0,14.0,3.7890595733273975,3.4039912073755505,2.672232302976448,1.72140417195949,2.226810918935988,2.3779075769364098,2.463798496288474,4.224746720039492,5.943326620095226,14.799672396046793,1.884400031333073,3.5717253424072632,2.4299763170990234,2.376214930808018,2.5334250022923355,2.59609624546352,2.6315678119985364,4.818165077569457,6.988031452675324,15.033029201294228,1.2956414838614558,3.9919688907814597,1.6600985017126524,2.609166137828851,2.66351325701325,2.722948004384721,2.7869611093846496,5.947492982532672,7.4187873942200095,11.874674883143364,0.5433190559415064
56,4.73509416031624,9.0,10.0,16.0,4.1118033640568745,3.6392749480228694,3.034539847786348,1.7013363731317455,2.2579824730230045,2.4133257994183346,2.5021001279924797,4.885104136478826,7.002914256279883,16.839419841730304,2.124638987424418,3.8441347843906093,2.7553192577826175,2.4077034775982975,2.5654357252644853,2.6296178220206494,2.6713052749311124,5.551418038865777,7.8737342914077235,16.848229041113555,1.4687307898213422,4.351778965878465,1.8609654605686692,2.6778212828127215,2.7451015132839904,2.8498058406378197,2.9329401977917104,6.699162755760149,8.159706832451741,12.27517986198431,0.5698233852963985
57,5.575455453137748,9.0,11.0,17.0,4.919625901975162,3.848127399589076,4.041490854847812,1.7011879390791704,2.269227608547367,2.426682484133391,2.518196404435683,5.238272133969715,7.750555535645639,19.418753301847556,2.932821700686375,4.100651356741641,3.7676724618879884,2.4014157902763396,2.5788232450708994,2.645319775888303,2.6884247483642656,5.988477424341182,9.037346548219743,19.45681594420505,2.1081753256360094,4.780058746265333,2.8617995796014655,2.6923123174265355,2.764953888766656,2.8813868169694916,2.988785011269348,7.49470790455885,9.404878464068586,18.4418055843056,0.8549274289503839
58,6.186868751814582,9.0,11.0,19.0,5.384177268821671,4.2289694328948,4.531189781362034,1.8158672135745015,2.305023061292963,2.4729649321219327,2.5721900427758437,6.221305848826196,9.323864244207043,22.671514633070707,3.331589901613611,4.556949144729038,4.180186800766822,2.45649860276367,2.6100406725357015,2.689983459241209,2.74545470213937,7.145697796365823,10.37501575670835,22.61340952378212,2.3292185185163374,5.3937412431129985,3.019091586017571,2.781527867868154,2.868499501296361,3.0670172235356046,3.2479130058995356,8.787462993412017,10.589376248341136,19.541707371483582,0.9184738537583363
59,10.40381902575961,9.0,11.0,22.0,9.756960496100415,4.751250990422065,9.27927463778513,1.9141947168846352,2.3373126241590154,2.51412173157902,2.6201241393114016,7.076037240620907,10.840272835675732,27.468990781348648,7.302681466930368,5.172758565937035,9.024690524878235,2.468844911128977,2.6413505509403468,2.7317552025595764,2.800806226025391,8.261329224801644,12.18463131326694,26.94595248558434,5.66844623536007,6.363216111754,8.2367772433891,2.7314697147653453,2.9756384663491104,3.2152170303159555,3.3714655964437044,9.448543649034445,13.102024587628785,25.89748868427236,2.6153225157304947
60,9.40281849267572,9.0,12.0,22.0,8.707849530720683,4.715012397437408,8.155668097685728,1.8090680674330815,2.3383279876147216,2.519640025572522,2.6288800088610396,7.302303497083117,11.06627874456968,25.683565865265535,6.481475771053744,5.106869331689379,7.892155738031454,2.4599258596298634,2.64781928140086,2.742680677238608,2.811979058639672,8.397441754943511,12.215932383721077,24.158033562059565,4.887294583716535,6.180964285340477,7.084457301228589,2.777703575588818,2.977255702009933,3.2533300118095467,3.4267785150338743,9.351815652894494,11.68653525304844,16.68803023203465,2.139928061342019
61,26.586965615115687,8.0,10.0,19.0,26.332888713907234,4.543132983261616,26.17000654430202,1.8548053886493898,2.222111108210024,2.3735920865641242,2.458627357754909,5.270309442112,8.51410594246117,26.988158645416636,20.84096434089032,4.840755095548054,26.153192310243693,2.401050614091739,2.52381628809163,2.5860757520184294,2.62080381181056,6.412649848968501,9.507743591177354,28.267627735365,19.14729202635351,5.990841979561273,25.937390154013837,2.604314680653129,2.6586669613493332,2.70042834226211,2.7374302461989037,7.09555084501392,9.389788006246484,25.7874842352776,10.296513647471286
62,4.280949907764747,8.0,9.0,14.0,3.742952871433862,3.3365362253984,2.68193706866067,1.7724034928357406,2.2171052197744325,2.361218654709158,2.442779506458523,4.020791921594698,5.752680534614191,14.715703149762241,1.9119863506815549,3.4995249758221054,2.4531170982391544,2.396585617630078,2.528363823428951,2.5859710451296904,2.618382502029095,4.639517768596921,6.859551986351773,14.723633531991775,1.3297055847541004,3.906024791439089,1.744587037326413,2.630330749921721,2.6665309821467433,2.71722006626106,2.762960098310145,5.763837431103655,7.004546738190779,12.084036924175503,0.5399922741527472
63,4.220047675742827,8.0,10.0,14.0,3.6916830629584716,3.3242578105508866,2.5993164021196797,1.7057241715757967,2.221360944206192,2.3671787751531057,2.449489742783291,4.040439520046629,5.683575485820679,14.044212295102216,1.854819161223228,3.482651838246669,2.370121543033911,2.4303451560595075,2.534284632515415,2.5903862841492407,2.6230639459363676,4.600735459333999,6.619463444744001,14.09266004227285,1.2622324056139407,3.864944918311208,1.6733884438921813,2.610523227850938,2.674238782402336,2.727432690077893,2.7686875163250266,5.618737671514658,7.469846519219763,10.941311037472607,0.5015322085091282
64,4.7124585972376885,8.0,10.0,15.0,4.115309204104164,3.529474468016231,3.1273161069165933,1.7250091494428164,2.2397691078701656,2.3898776436297697,2.4759652744754823,4.506067738578053,6.601277807127409,15.701441097085965,2.240655332970421,3.725944690192689,2.875827896328285,2.429139089620576,2.5506253526724803,2.609668440506736,2.646512427334441,5.266106995009602,7.622078921599855,16.380171580939837,1.5622371603164504,4.219204643486752,2.092576315549163,2.6539532506785273,2.699278349922974,2.7648328014629464,2.8223797729505593,6.299758837141935,8.659695407025536,13.655234722755107,0.6466269379485119
65,5.36116951705371,9.0,10.0,17.0,4.632977733988364,3.9098429126479806,3.6772305906490246,1.7950267998304654,2.281325150965941,2.4407317995142166,2.534031004409588,5.512254483869806,8.309079857650117,19.475286074324163,2.658985080013771,4.17779276768081,3.3520016462683175,2.4547539218464443,2.5866299802368347,2.6594978715793762,2.704341780260916,6.530634976263499,9.380597614843953,18.581697405739806,1.840079217925829,4.82778400361652,2.3285362504157376,2.6829267972910045,2.78560369557416,2.9082716249325853,3.0671981286569405,7.378433368127581,8.979554510103492,13.093086644935665,0.7304868701584265
66,5.480549792609111,9.0,11.0,18.0,4.675187259365957,4.078432120034317,3.671308606639982,1.8150882773437809,2.3006367146802074,2.4671375471927766,2.566371490307524,6.094367328223416,8.921181241712391,19.828484255706247,2.6325841265550665,4.358900676760158,3.3144396816128823,2.3826121885107305,2.611194043790944,2.693028667393073,2.745200744411931,6.950696596973717,9.723791241903305,18.478957299124307,1.8283389115705486,5.001456839909949,2.2373100072269905,2.6979457001762865,2.853984322426863,3.0619912294185525,3.228429791074588,7.583026888366311,8.889373346072025,13.588187476035769,0.7362594360007221
67,6.763453063649346,9.0,12.0,21.0,5.862521669489251,4.5591248083494005,5.013156419433667,1.8494880536769682,2.3230074550843893,2.5004848014936556,2.6050456092611562,7.141258695611767,10.873426973196283,25.355843268935093,3.666476887341067,4.944651245896535,4.611560390098218,2.4217150335459716,2.633373056291317,2.7188114932696186,2.785211195110268,8.354042196507175,12.185158065329961,23.529746555646803,2.634877733876197,5.898114328724851,3.2666003151124614,2.892751353130656,3.0300346451802396,3.2046891835675555,3.3878522568570597,8.934068188537406,10.893654002663686,18.37999788308521,1.0639861615664272
68,15.301322623056645,10.0,12.0,25.0,14.701859292045402,5.303304336585009,14.391318228144236,1.7441388138590237,2.315407331470142,2.4944382577525004,2.60168942780918,8.185297240089099,13.15219381014905,31.64139182727573,11.604294506150797,5.759554224741283,14.182447336948762,2.4484883286981387,2.6164115903816056,2.7048201516426005,2.7672066118092915,9.722779048868013,14.923495794442266,30.71843507168392,10.592413420538282,7.116420561176428,13.564821028083959,2.7260796376612912,2.8918558112399313,3.1414640901433675,3.3536481174121118,11.12087781527135,13.92025544704636,23.449806959858826,6.288709804747543
69,5.676593200374186,9.0,11.0,18.0,4.939533567234604,3.997564799873216,4.041868985317449,1.7526603155904006,2.2799964557828654,2.441724841591569,2.5370785712657895,5.7780147581545025,8.646941422237223,20.38046202428401,2.9511341161834896,4.276513708997002,3.7264450564658693,2.4142202591043174,2.5862450896365567,2.6565875587816015,2.7038087176420875,6.737877929958275,9.521168660025912,18.90160812708252,2.0513672676859396,4.970762668215045,2.7324798096079332,2.6423195445016567,2.7947757400445936,2.96815325638257,3.1120352803845863,7.56467272440395,9.227795455627248,18.26193102638597,0.8203717037413859
70,5.97580821539043,9.0,11.0,20.0,5.111748201156918,4.285561144051073,4.177673317086344,1.838175423865163,2.3097509595163106,2.481670177259536,2.5834555200838465,6.517815523007385,9.743845506396893,23.022773091183247,3.0316219660595376,4.611769383398125,3.792449765726928,2.458961262501467,2.629409209839988,2.7046654534724746,2.7591643640774026,7.509267947350389,11.060322361067108,21.145312109879796,2.130197335847156,5.395647594262953,2.562835089551212,2.7447093366936555,2.931480674999334,3.1733579643772005,3.331843638018357,8.58386892494136,10.511677153321335,14.990625450432038,0.8552529119609777
71,7.147180847434599,9.0,12.0,23.0,6.171385129514644,4.770391415411474,5.342637786134017,1.8717463352324692,2.340335812907448,2.5246061799143216,2.6337935923053326,7.646607487027092,11.675598312704345,27.72515905174336,3.998612435149224,5.187306000089552,4.915090380293073,2.469464365864173,2.6441988933895555,2.737534126381699,2.8057996207031195,8.853755586642254,12.960560448033826,26.295114166495903,2.9275720853369425,6.233371485852173,3.50474388128403,2.797653337429143,2.996268558145695,3.291626971699515,3.4907027502462085,10.074320998675987,12.546304185890023,19.349587874037468,1.2375849520758848
72,7.4437598680239825,10.0,12.0,23.0,6.513841850558501,4.780566284390391,5.728216798577462,1.795730064525793,2.3376583293263407,2.5201210488799988,2.631798555429482,7.67177036974236,11.701139545645251,26.918273242231475,4.320405271492341,5.2000575231703845,5.324788003105503,2.4951211653196044,2.6411360433736366,2.7384855857418176,2.8086764967980575,8.890322200506844,12.743763317933706,25.769729819596165,3.1904412113847633,6.275273729126125,4.01070522858613,2.8354657283392055,2.9669499354032185,3.1947743845744836,3.467080497293611,10.024980050977392,11.968377391933167,19.60905194882785,1.3360900022085964
73,8.2080053984753,10.0,12.0,25.0,7.196150726914198,5.11786476031966,6.440398454464744,1.7551943113625421,2.353827744420648,2.5388098698971002,2.6545938836043876,8.306015831306613,12.983268175819292,31.783692852043824,4.862007520840625,5.6188056077987145,5.981975500438083,2.462554603491416,2.659365191775037,2.7601611346963226,2.8408007936403887,9.816769731839893,14.47653553448071,30.114113282957874,3.5056623646171783,6.92138735931292,4.408476696641096,2.729723855858135,3.057556484378712,3.335136841836584,3.5953994005794474,11.378189115969082,13.798970014727516,25.728979532596657,1.4645785815927745
74,8.387735540019097,10.0,13.0,26.0,7.297822318116031,5.325993565261286,6.505917416541002,1.783736856073457,2.3748684174046644,2.570441930318761,2.691175253007768,8.836357401169034,13.899127942994195,33.0250654729843,4.912816517088442,5.851004275345655,6.009690836404526,2.4799294445530466,2.678606154484799,2.799218931512407,2.8946251665410654,10.3634635318653,15.54041841793573,32.57990314732386,3.54203024887202,7.226092536115052,4.262293990203181,2.933948628631449,3.2263237463847143,3.534926777279302,3.7724004944521936,12.420568547868568,16.060321006476638,24.749592768250004,1.4551334304560828
75,8.614828645010293,10.0,13.0,26.0,7.546333302274918,5.339373378732646,6.786258709750961,1.8732298041085857,2.377057853797308,2.5682403676006986,2.690706039278188,8.804699158557755,13.836184445141232,32.90574233758964,5.166460278322368,5.87114721944883,6.286116034910314,2.4678919122394385,2.691377809703551,2.7976250116408643,2.8880477523473966,10.24196313256413,15.632603055098503,32.2421027880039,3.7189675002082554,7.291371393948211,4.555339536452383,2.8678410767070472,3.1770386946784015,3.4980137578384753,3.7962381711936275,12.138921249473256,15.244993408408023,24.617842367199497,1.487133558582921
76,22.95793450092442,10.0,13.0,28.0,22.46512299684708,5.774530530117265,22.177780280159958,1.8674240890677483,2.319417377208373,2.4944382580809488,2.60333895937036,9.020397760496758,14.703380357570278,37.37399706434501,18.079405265896646,6.301699717870109,22.07730513755401,2.4498852908929405,2.5888261860567883,2.6728876386635383,2.741950636660874,10.54247479365199,16.059032240988458,36.49036599996496,16.12450474727611,7.926406159826574,21.57215599230272,2.6290876593810433,2.7401056509586037,2.928212834402293,3.1968419244358257,11.539324832578691,15.653113668125725,27.98061660150721,8.709077828638087
77,4.002060463774496,8.0,9.0,13.0,3.591211158746438,3.116522944217946,2.5083237737187405,1.802663573597556,2.195403830687898,2.337118142521505,2.415354920901042,3.423979609112481,4.575064165802592,11.85608568106554,1.8037095086779125,3.2505461774285456,2.3214802207917895,2.403240846557197,2.5153301743268504,2.5656356885731695,2.594173034654404,3.8058738386441586,5.422322157302346,13.985907249856902,1.1688774162744016,3.6039922945829086,1.7307406727743468,2.592390713021714,2.6335147483910974,2.6638795797560837,2.6870147459261697,5.428326057117234,6.792390852810924,10.391579787647741,0.47334160682045967
78,4.3567335039754775,8.0,10.0,14.0,3.8798075873098963,3.283981278737762,2.864104999953089,1.8015425489172368,2.2157380146350745,2.362929187139886,2.4446189102060916,3.8671237974300356,5.331590624369116,13.450485327881594,2.1039757098408116,3.4401897551779794,2.661963568692084,2.348598713256703,2.5347852248531564,2.5899157638161983,2.6217317706939722,4.330895595214349,6.228223323368734,14.144315524678364,1.4310634543340057,3.845719387771957,2.0406596163592297,2.6039630608676374,2.6764745957372376,2.7204275973885186,2.764497059936962,5.535092132430707,6.723660178847735,16.435198755592136,0.5665019660260314
79,4.687686324706892,9.0,10.0,15.0,4.116764447843691,3.514056375089445,3.1071431888744963,1.7995229446381875,2.243081394290887,2.390617180783472,2.4768830200367122,4.4604207800787625,6.441657356220447,15.99810594849872,2.2121183380550025,3.708308136856862,2.85863140031935,2.422450880463102,2.556365780948039,2.6147950499326438,2.6519819018996995,5.193570754034904,7.3584715194865735,16.788679512092497,1.5328165073792417,4.191844936720423,2.08233389284915,2.650379633414871,2.723506809047693,2.782271651646142,2.832737171003983,6.195762809184828,8.132191805679224,14.036127276670262,0.6330650139155723
